{
	"groups": [
		{
			"v": [
				97,
				105,
				66,
				72,
				74,
				98,
				90
			],
			"k": "q"
		},
		{
			"v": [
				125,
				122,
				73,
				81,
				114,
				108,
				124,
				126,
				112,
				106,
				109,
				56,
				64,
				44,
				36,
				50
			],
			"k": "1"
		},
		{
			"v": [
				78,
				91,
				63,
				70,
				0,
				3,
				6,
				2
			],
			"k": "b"
		},
		{
			"v": [
				17,
				16,
				12,
				11,
				7,
				4,
				23,
				8,
				49,
				42
			],
			"k": "r"
		},
		{
			"v": [
				104,
				88,
				89,
				95,
				96,
				103,
				116,
				111,
				82
			],
			"k": "2"
		},
		{
			"v": [
				21,
				15,
				14,
				10,
				9,
				28,
				29,
				30,
				37,
				27,
				5,
				20,
				22,
				35
			],
			"k": "s"
		},
		{
			"v": [
				80,
				93,
				79,
				86,
				100,
				101,
				87,
				94,
				121,
				107,
				117,
				118,
				113
			],
			"k": "3"
		},
		{
			"v": [
				26,
				32,
				33,
				47,
				40,
				24,
				13,
				18,
				39,
				34,
				31,
				41,
				55,
				19,
				48
			],
			"k": "t"
		},
		{
			"v": [
				123,
				115,
				119,
				120
			],
			"k": "4"
		},
		{
			"v": [
				92,
				85,
				84,
				77
			],
			"k": "e"
		},
		{
			"v": [
				56,
				64
			],
			"k": "f"
		},
		{
			"v": [
				38,
				1,
				45,
				46,
				53,
				52,
				51,
				127,
				43,
				60
			],
			"k": "w"
		},
		{
			"v": [
				68,
				62,
				54,
				83,
				75,
				76,
				69,
				61,
				59,
				67,
				44,
				36
			],
			"k": "g"
		}
	],
	"atlas": [
		{
			"graph": null,
			"rect": [
				398,
				116,
				132,
				104
			],
			"offset": {
				"x": 0,
				"y": 0
			}
		},
		{
			"graph": null,
			"rect": [
				794,
				737,
				132,
				101
			],
			"offset": {
				"x": 0,
				"y": 0
			}
		},
		{
			"graph": null,
			"rect": [
				794,
				636,
				132,
				101
			],
			"offset": {
				"x": 0,
				"y": 0
			}
		},
		{
			"graph": null,
			"rect": [
				794,
				535,
				132,
				101
			],
			"offset": {
				"x": 0,
				"y": 0
			}
		},
		{
			"graph": null,
			"rect": [
				794,
				407,
				132,
				128
			],
			"offset": {
				"x": 0,
				"y": 0
			}
		},
		{
			"graph": null,
			"rect": [
				794,
				306,
				132,
				101
			],
			"offset": {
				"x": 0,
				"y": 0
			}
		},
		{
			"graph": null,
			"rect": [
				794,
				202,
				132,
				104
			],
			"offset": {
				"x": 0,
				"y": 0
			}
		},
		{
			"graph": null,
			"rect": [
				794,
				101,
				132,
				101
			],
			"offset": {
				"x": 0,
				"y": 0
			}
		},
		{
			"graph": null,
			"rect": [
				133,
				1208,
				133,
				101
			],
			"offset": {
				"x": 0,
				"y": 0
			}
		},
		{
			"graph": null,
			"rect": [
				793,
				1929,
				132,
				101
			],
			"offset": {
				"x": 0,
				"y": 0
			}
		},
		{
			"graph": null,
			"rect": [
				793,
				1828,
				132,
				101
			],
			"offset": {
				"x": 0,
				"y": 0
			}
		},
		{
			"graph": null,
			"rect": [
				793,
				1700,
				132,
				128
			],
			"offset": {
				"x": 0,
				"y": 0
			}
		},
		{
			"graph": null,
			"rect": [
				793,
				1572,
				132,
				128
			],
			"offset": {
				"x": 0,
				"y": 0
			}
		},
		{
			"graph": null,
			"rect": [
				0,
				101,
				133,
				133
			],
			"offset": {
				"x": 0,
				"y": 0
			}
		},
		{
			"graph": null,
			"rect": [
				793,
				1370,
				132,
				101
			],
			"offset": {
				"x": 0,
				"y": 0
			}
		},
		{
			"graph": null,
			"rect": [
				793,
				1269,
				132,
				101
			],
			"offset": {
				"x": 0,
				"y": 0
			}
		},
		{
			"graph": null,
			"rect": [
				793,
				1168,
				132,
				101
			],
			"offset": {
				"x": 0,
				"y": 0
			}
		},
		{
			"graph": null,
			"rect": [
				662,
				1067,
				132,
				101
			],
			"offset": {
				"x": 0,
				"y": 0
			}
		},
		{
			"graph": null,
			"rect": [
				0,
				234,
				133,
				133
			],
			"offset": {
				"x": 0,
				"y": 0
			}
		},
		{
			"graph": null,
			"rect": [
				0,
				367,
				133,
				101
			],
			"offset": {
				"x": 0,
				"y": 0
			}
		},
		{
			"graph": null,
			"rect": [
				662,
				766,
				132,
				101
			],
			"offset": {
				"x": 0,
				"y": 0
			}
		},
		{
			"graph": null,
			"rect": [
				662,
				665,
				132,
				101
			],
			"offset": {
				"x": 0,
				"y": 0
			}
		},
		{
			"graph": null,
			"rect": [
				662,
				564,
				132,
				101
			],
			"offset": {
				"x": 0,
				"y": 0
			}
		},
		{
			"graph": null,
			"rect": [
				662,
				436,
				132,
				128
			],
			"offset": {
				"x": 0,
				"y": 0
			}
		},
		{
			"graph": null,
			"rect": [
				662,
				303,
				132,
				133
			],
			"offset": {
				"x": 0,
				"y": 0
			}
		},
		{
			"graph": null,
			"rect": [
				0,
				569,
				133,
				101
			],
			"offset": {
				"x": 0,
				"y": 0
			}
		},
		{
			"graph": null,
			"rect": [
				0,
				769,
				133,
				133
			],
			"offset": {
				"x": 0,
				"y": 0
			}
		},
		{
			"graph": null,
			"rect": [
				662,
				0,
				132,
				101
			],
			"offset": {
				"x": 0,
				"y": 0
			}
		},
		{
			"graph": null,
			"rect": [
				661,
				1932,
				132,
				101
			],
			"offset": {
				"x": 0,
				"y": 0
			}
		},
		{
			"graph": null,
			"rect": [
				661,
				1831,
				132,
				101
			],
			"offset": {
				"x": 0,
				"y": 0
			}
		},
		{
			"graph": null,
			"rect": [
				661,
				1730,
				132,
				101
			],
			"offset": {
				"x": 0,
				"y": 0
			}
		},
		{
			"graph": null,
			"rect": [
				661,
				1597,
				132,
				133
			],
			"offset": {
				"x": 0,
				"y": 0
			}
		},
		{
			"graph": null,
			"rect": [
				0,
				902,
				133,
				101
			],
			"offset": {
				"x": 0,
				"y": 0
			}
		},
		{
			"graph": null,
			"rect": [
				0,
				1003,
				133,
				133
			],
			"offset": {
				"x": 0,
				"y": 0
			}
		},
		{
			"graph": null,
			"rect": [
				661,
				1256,
				132,
				127
			],
			"offset": {
				"x": 0,
				"y": 0
			}
		},
		{
			"graph": null,
			"rect": [
				530,
				1155,
				132,
				101
			],
			"offset": {
				"x": 0,
				"y": 0
			}
		},
		{
			"graph": null,
			"rect": [
				530,
				1032,
				132,
				123
			],
			"offset": {
				"x": 0,
				"y": 0
			}
		},
		{
			"graph": null,
			"rect": [
				530,
				931,
				132,
				101
			],
			"offset": {
				"x": 0,
				"y": 0
			}
		},
		{
			"graph": null,
			"rect": [
				530,
				830,
				132,
				101
			],
			"offset": {
				"x": 0,
				"y": 0
			}
		},
		{
			"graph": null,
			"rect": [
				530,
				729,
				132,
				101
			],
			"offset": {
				"x": 0,
				"y": 0
			}
		},
		{
			"graph": null,
			"rect": [
				0,
				1237,
				133,
				101
			],
			"offset": {
				"x": 0,
				"y": 0
			}
		},
		{
			"graph": null,
			"rect": [
				0,
				1843,
				133,
				127
			],
			"offset": {
				"x": 0,
				"y": 0
			}
		},
		{
			"graph": null,
			"rect": [
				530,
				426,
				132,
				101
			],
			"offset": {
				"x": 0,
				"y": 0
			}
		},
		{
			"graph": null,
			"rect": [
				530,
				325,
				132,
				101
			],
			"offset": {
				"x": 0,
				"y": 0
			}
		},
		{
			"graph": null,
			"rect": [
				530,
				202,
				132,
				123
			],
			"offset": {
				"x": 0,
				"y": 0
			}
		},
		{
			"graph": null,
			"rect": [
				530,
				101,
				132,
				101
			],
			"offset": {
				"x": 0,
				"y": 0
			}
		},
		{
			"graph": null,
			"rect": [
				530,
				0,
				132,
				101
			],
			"offset": {
				"x": 0,
				"y": 0
			}
		},
		{
			"graph": null,
			"rect": [
				0,
				1439,
				133,
				101
			],
			"offset": {
				"x": 0,
				"y": 0
			}
		},
		{
			"graph": null,
			"rect": [
				0,
				1742,
				133,
				101
			],
			"offset": {
				"x": 0,
				"y": 0
			}
		},
		{
			"graph": null,
			"rect": [
				529,
				1722,
				132,
				101
			],
			"offset": {
				"x": 0,
				"y": 0
			}
		},
		{
			"graph": null,
			"rect": [
				529,
				1621,
				132,
				101
			],
			"offset": {
				"x": 0,
				"y": 0
			}
		},
		{
			"graph": null,
			"rect": [
				529,
				1520,
				132,
				101
			],
			"offset": {
				"x": 0,
				"y": 0
			}
		},
		{
			"graph": null,
			"rect": [
				529,
				1419,
				132,
				101
			],
			"offset": {
				"x": 0,
				"y": 0
			}
		},
		{
			"graph": null,
			"rect": [
				529,
				1318,
				132,
				101
			],
			"offset": {
				"x": 0,
				"y": 0
			}
		},
		{
			"graph": null,
			"rect": [
				398,
				1217,
				132,
				101
			],
			"offset": {
				"x": 0,
				"y": 0
			}
		},
		{
			"graph": null,
			"rect": [
				133,
				604,
				133,
				101
			],
			"offset": {
				"x": 0,
				"y": 0
			}
		},
		{
			"graph": null,
			"rect": [
				133,
				1006,
				133,
				101
			],
			"offset": {
				"x": 0,
				"y": 0
			}
		},
		{
			"graph": null,
			"rect": [
				398,
				888,
				132,
				115
			],
			"offset": {
				"x": 0,
				"y": 0
			}
		},
		{
			"graph": null,
			"rect": [
				398,
				757,
				132,
				131
			],
			"offset": {
				"x": 0,
				"y": 0
			}
		},
		{
			"graph": null,
			"rect": [
				398,
				656,
				132,
				101
			],
			"offset": {
				"x": 0,
				"y": 0
			}
		},
		{
			"graph": null,
			"rect": [
				398,
				555,
				132,
				101
			],
			"offset": {
				"x": 0,
				"y": 0
			}
		},
		{
			"graph": null,
			"rect": [
				398,
				454,
				132,
				101
			],
			"offset": {
				"x": 0,
				"y": 0
			}
		},
		{
			"graph": null,
			"rect": [
				133,
				1309,
				133,
				101
			],
			"offset": {
				"x": 0,
				"y": 0
			}
		},
		{
			"graph": null,
			"rect": [
				133,
				1107,
				133,
				101
			],
			"offset": {
				"x": 0,
				"y": 0
			}
		},
		{
			"graph": null,
			"rect": [
				794,
				838,
				132,
				101
			],
			"offset": {
				"x": 0,
				"y": 0
			}
		},
		{
			"graph": null,
			"rect": [
				398,
				0,
				132,
				116
			],
			"offset": {
				"x": 0,
				"y": 0
			}
		},
		{
			"graph": null,
			"rect": [
				397,
				1916,
				132,
				101
			],
			"offset": {
				"x": 0,
				"y": 0
			}
		},
		{
			"graph": null,
			"rect": [
				397,
				1803,
				132,
				113
			],
			"offset": {
				"x": 0,
				"y": 0
			}
		},
		{
			"graph": null,
			"rect": [
				794,
				0,
				132,
				101
			],
			"offset": {
				"x": 0,
				"y": 0
			}
		},
		{
			"graph": null,
			"rect": [
				793,
				1471,
				132,
				101
			],
			"offset": {
				"x": 0,
				"y": 0
			}
		},
		{
			"graph": null,
			"rect": [
				0,
				0,
				133,
				101
			],
			"offset": {
				"x": 0,
				"y": 0
			}
		},
		{
			"graph": null,
			"rect": [
				0,
				468,
				133,
				101
			],
			"offset": {
				"x": 0,
				"y": 0
			}
		},
		{
			"graph": null,
			"rect": [
				662,
				968,
				132,
				99
			],
			"offset": {
				"x": 0,
				"y": 0
			}
		},
		{
			"graph": null,
			"rect": [
				662,
				101,
				132,
				101
			],
			"offset": {
				"x": 0,
				"y": 0
			}
		},
		{
			"graph": null,
			"rect": [
				662,
				202,
				132,
				101
			],
			"offset": {
				"x": 0,
				"y": 0
			}
		},
		{
			"graph": null,
			"rect": [
				661,
				1383,
				132,
				113
			],
			"offset": {
				"x": 0,
				"y": 0
			}
		},
		{
			"graph": null,
			"rect": [
				661,
				1496,
				132,
				101
			],
			"offset": {
				"x": 0,
				"y": 0
			}
		},
		{
			"graph": null,
			"rect": [
				133,
				705,
				133,
				101
			],
			"offset": {
				"x": 0,
				"y": 0
			}
		},
		{
			"graph": null,
			"rect": [
				0,
				1338,
				133,
				101
			],
			"offset": {
				"x": 0,
				"y": 0
			}
		},
		{
			"graph": null,
			"rect": [
				530,
				628,
				132,
				101
			],
			"offset": {
				"x": 0,
				"y": 0
			}
		},
		{
			"graph": null,
			"rect": [
				266,
				436,
				132,
				99
			],
			"offset": {
				"x": 0,
				"y": 0
			}
		},
		{
			"graph": null,
			"rect": [
				529,
				1924,
				132,
				101
			],
			"offset": {
				"x": 0,
				"y": 0
			}
		},
		{
			"graph": null,
			"rect": [
				398,
				1116,
				132,
				101
			],
			"offset": {
				"x": 0,
				"y": 0
			}
		},
		{
			"graph": null,
			"rect": [
				398,
				1003,
				132,
				113
			],
			"offset": {
				"x": 0,
				"y": 0
			}
		},
		{
			"graph": null,
			"rect": [
				266,
				0,
				132,
				101
			],
			"offset": {
				"x": 0,
				"y": 0
			}
		},
		{
			"graph": null,
			"rect": [
				133,
				101,
				133,
				101
			],
			"offset": {
				"x": 0,
				"y": 0
			}
		},
		{
			"graph": null,
			"rect": [
				133,
				0,
				133,
				101
			],
			"offset": {
				"x": 0,
				"y": 0
			}
		},
		{
			"graph": null,
			"rect": [
				265,
				1713,
				132,
				99
			],
			"offset": {
				"x": 0,
				"y": 0
			}
		},
		{
			"graph": null,
			"rect": [
				397,
				1702,
				132,
				101
			],
			"offset": {
				"x": 0,
				"y": 0
			}
		},
		{
			"graph": null,
			"rect": [
				265,
				1511,
				132,
				101
			],
			"offset": {
				"x": 0,
				"y": 0
			}
		},
		{
			"graph": null,
			"rect": [
				265,
				1410,
				132,
				101
			],
			"offset": {
				"x": 0,
				"y": 0
			}
		},
		{
			"graph": null,
			"rect": [
				266,
				737,
				132,
				101
			],
			"offset": {
				"x": 0,
				"y": 0
			}
		},
		{
			"graph": null,
			"rect": [
				133,
				402,
				133,
				101
			],
			"offset": {
				"x": 0,
				"y": 0
			}
		},
		{
			"graph": null,
			"rect": [
				133,
				503,
				133,
				101
			],
			"offset": {
				"x": 0,
				"y": 0
			}
		},
		{
			"graph": null,
			"rect": [
				265,
				1812,
				132,
				99
			],
			"offset": {
				"x": 0,
				"y": 0
			}
		},
		{
			"graph": null,
			"rect": [
				265,
				1612,
				132,
				101
			],
			"offset": {
				"x": 0,
				"y": 0
			}
		},
		{
			"graph": null,
			"rect": [
				133,
				1612,
				132,
				101
			],
			"offset": {
				"x": 0,
				"y": 0
			}
		},
		{
			"graph": null,
			"rect": [
				133,
				1713,
				132,
				133
			],
			"offset": {
				"x": 0,
				"y": 0
			}
		},
		{
			"graph": null,
			"rect": [
				133,
				1410,
				132,
				101
			],
			"offset": {
				"x": 0,
				"y": 0
			}
		},
		{
			"graph": null,
			"rect": [
				133,
				1511,
				132,
				101
			],
			"offset": {
				"x": 0,
				"y": 0
			}
		},
		{
			"graph": null,
			"rect": [
				133,
				905,
				133,
				101
			],
			"offset": {
				"x": 0,
				"y": 0
			}
		},
		{
			"graph": null,
			"rect": [
				133,
				806,
				133,
				99
			],
			"offset": {
				"x": 0,
				"y": 0
			}
		},
		{
			"graph": null,
			"rect": [
				266,
				101,
				132,
				101
			],
			"offset": {
				"x": 0,
				"y": 0
			}
		},
		{
			"graph": null,
			"rect": [
				266,
				202,
				132,
				101
			],
			"offset": {
				"x": 0,
				"y": 0
			}
		},
		{
			"graph": null,
			"rect": [
				265,
				1911,
				132,
				101
			],
			"offset": {
				"x": 0,
				"y": 0
			}
		},
		{
			"graph": null,
			"rect": [
				133,
				1846,
				132,
				133
			],
			"offset": {
				"x": 0,
				"y": 0
			}
		},
		{
			"graph": null,
			"rect": [
				133,
				301,
				133,
				101
			],
			"offset": {
				"x": 0,
				"y": 0
			}
		},
		{
			"graph": null,
			"rect": [
				133,
				202,
				133,
				99
			],
			"offset": {
				"x": 0,
				"y": 0
			}
		},
		{
			"graph": null,
			"rect": [
				398,
				220,
				132,
				133
			],
			"offset": {
				"x": 0,
				"y": 0
			}
		},
		{
			"graph": null,
			"rect": [
				398,
				353,
				132,
				101
			],
			"offset": {
				"x": 0,
				"y": 0
			}
		},
		{
			"graph": null,
			"rect": [
				266,
				535,
				132,
				101
			],
			"offset": {
				"x": 0,
				"y": 0
			}
		},
		{
			"graph": null,
			"rect": [
				529,
				1823,
				132,
				101
			],
			"offset": {
				"x": 0,
				"y": 0
			}
		},
		{
			"graph": null,
			"rect": [
				0,
				1641,
				133,
				101
			],
			"offset": {
				"x": 0,
				"y": 0
			}
		},
		{
			"graph": null,
			"rect": [
				0,
				1540,
				133,
				101
			],
			"offset": {
				"x": 0,
				"y": 0
			}
		},
		{
			"graph": null,
			"rect": [
				266,
				303,
				132,
				133
			],
			"offset": {
				"x": 0,
				"y": 0
			}
		},
		{
			"graph": null,
			"rect": [
				266,
				636,
				132,
				101
			],
			"offset": {
				"x": 0,
				"y": 0
			}
		},
		{
			"graph": null,
			"rect": [
				530,
				527,
				132,
				101
			],
			"offset": {
				"x": 0,
				"y": 0
			}
		},
		{
			"graph": null,
			"rect": [
				0,
				1136,
				133,
				101
			],
			"offset": {
				"x": 0,
				"y": 0
			}
		},
		{
			"graph": null,
			"rect": [
				266,
				967,
				132,
				101
			],
			"offset": {
				"x": 0,
				"y": 0
			}
		},
		{
			"graph": null,
			"rect": [
				266,
				838,
				132,
				129
			],
			"offset": {
				"x": 0,
				"y": 0
			}
		},
		{
			"graph": null,
			"rect": [
				266,
				1169,
				132,
				101
			],
			"offset": {
				"x": 0,
				"y": 0
			}
		},
		{
			"graph": null,
			"rect": [
				0,
				670,
				133,
				99
			],
			"offset": {
				"x": 0,
				"y": 0
			}
		},
		{
			"graph": null,
			"rect": [
				266,
				1068,
				132,
				101
			],
			"offset": {
				"x": 0,
				"y": 0
			}
		},
		{
			"graph": null,
			"rect": [
				397,
				1371,
				132,
				129
			],
			"offset": {
				"x": 0,
				"y": 0
			}
		},
		{
			"graph": null,
			"rect": [
				662,
				867,
				132,
				101
			],
			"offset": {
				"x": 0,
				"y": 0
			}
		},
		{
			"graph": null,
			"rect": [
				266,
				1270,
				132,
				101
			],
			"offset": {
				"x": 0,
				"y": 0
			}
		},
		{
			"graph": null,
			"rect": [
				397,
				1601,
				132,
				101
			],
			"offset": {
				"x": 0,
				"y": 0
			}
		},
		{
			"graph": null,
			"rect": [
				397,
				1500,
				132,
				101
			],
			"offset": {
				"x": 0,
				"y": 0
			}
		}
	],
	"image": "assets/kenney/cityTiles_sheet.png",
	"name": "cityTiles_sheet.png"
}