{
	"textures" : [
		{ "id" : "assets/kenney/landscapeTiles_sheet.png" },
		{ "id" : "assets/kenney/cityTiles_sheet.png" },
		{ "id" : "assets/kenney/buildingTiles_sheet.png" },
		
		{ "id" : "assets/tests/ambulance_N.png" },
		{ "id" : "assets/tests/ambulance_S.png" },
		{ "id" : "assets/tests/ambulance_W.png" },
		{ "id" : "assets/tests/ambulance_E.png" },
		{ "id" : "assets/tests/ambulance_NW.png" },
		{ "id" : "assets/tests/ambulance_NE.png" },
		{ "id" : "assets/tests/ambulance_SW.png" },
		{ "id" : "assets/tests/ambulance_SE.png" }
	],
	"shaders" : [
	],
	"fonts" : [
		{ "id" : "assets/fonts/ubuntu-mono.fnt" }
	],
	"sounds" : [
	],
	"json" : [
		{ "id" : "assets/kenney/landscapeTiles_sheet.json" },
		{ "id" : "assets/kenney/cityTiles_sheet.json" },
		{ "id" : "assets/kenney/buildingTiles_sheet.json" }
	],
	"text" : [
	]
}