{
	"groups": [
		{
			"v": [
				88,
				66,
				65,
				96,
				67,
				80,
				64,
				61,
				75,
				74,
				82,
				62,
				60,
				58,
				59,
				57,
				81,
				89,
				69,
				73
			],
			"k": "l"
		},
		{
			"v": [
				114,
				25,
				3,
				4,
				26,
				85,
				30,
				27,
				29,
				19,
				21,
				99,
				100,
				125,
				40,
				18,
				20,
				42,
				36,
				117,
				101,
				9,
				116,
				106,
				37,
				123,
				33,
				41,
				11,
				122,
				1,
				10,
				113,
				46,
				34,
				22,
				115,
				35,
				93,
				17,
				28,
				107,
				92,
				2,
				124,
				108,
				109,
				12,
				14
			],
			"k": "h"
		},
		{
			"v": [
				112,
				105,
				104,
				83,
				77,
				91,
				90,
				71,
				97,
				84,
				76,
				98
			],
			"k": "m"
		},
		{
			"v": [
				52,
				0,
				23,
				7,
				48,
				51,
				38,
				44,
				45,
				50,
				8,
				16,
				15,
				43,
				47,
				53,
				49,
				54,
				56,
				39,
				32,
				31,
				55,
				24
			],
			"k": "j"
		},
		{
			"v": [
				102,
				110,
				87,
				86,
				79,
				5,
				6,
				13,
				103,
				111,
				119,
				120,
				121,
				126,
				127,
				128,
				95,
				94,
				118
			],
			"k": "k"
		},
		{
			"v": [
				101,
				34,
				56
			],
			"k": "s"
		}
	],
	"atlas": [
		{
			"graph": null,
			"rect": [
				596,
				85,
				99,
				85
			],
			"offset": {
				"x": -16,
				"y": 13
			}
		},
		{
			"graph": null,
			"rect": [
				0,
				1270,
				133,
				127
			],
			"offset": {
				"x": 0,
				"y": 0
			}
		},
		{
			"graph": null,
			"rect": [
				0,
				1905,
				132,
				127
			],
			"offset": {
				"x": 0,
				"y": 0
			}
		},
		{
			"graph": null,
			"rect": [
				265,
				0,
				132,
				127
			],
			"offset": {
				"x": 0,
				"y": 0
			}
		},
		{
			"graph": null,
			"rect": [
				265,
				127,
				132,
				127
			],
			"offset": {
				"x": 0,
				"y": 0
			}
		},
		{
			"graph": null,
			"rect": [
				596,
				170,
				99,
				54
			],
			"offset": {
				"x": -16,
				"y": 11
			}
		},
		{
			"graph": null,
			"rect": [
				596,
				224,
				99,
				54
			],
			"offset": {
				"x": -16,
				"y": 11
			}
		},
		{
			"graph": null,
			"rect": [
				596,
				278,
				99,
				85
			],
			"offset": {
				"x": -16,
				"y": 13
			}
		},
		{
			"graph": null,
			"rect": [
				596,
				363,
				99,
				85
			],
			"offset": {
				"x": -16,
				"y": 13
			}
		},
		{
			"graph": null,
			"rect": [
				265,
				893,
				132,
				127
			],
			"offset": {
				"x": 0,
				"y": 0
			}
		},
		{
			"graph": null,
			"rect": [
				133,
				1275,
				132,
				127
			],
			"offset": {
				"x": 0,
				"y": 0
			}
		},
		{
			"graph": null,
			"rect": [
				133,
				1147,
				132,
				128
			],
			"offset": {
				"x": 0,
				"y": 0
			}
		},
		{
			"graph": null,
			"rect": [
				396,
				1786,
				132,
				127
			],
			"offset": {
				"x": 0,
				"y": 0
			}
		},
		{
			"graph": null,
			"rect": [
				596,
				766,
				99,
				54
			],
			"offset": {
				"x": -16,
				"y": 11
			}
		},
		{
			"graph": null,
			"rect": [
				396,
				1913,
				132,
				127
			],
			"offset": {
				"x": 0,
				"y": 0
			}
		},
		{
			"graph": null,
			"rect": [
				596,
				618,
				99,
				85
			],
			"offset": {
				"x": -16,
				"y": 13
			}
		},
		{
			"graph": null,
			"rect": [
				596,
				533,
				99,
				85
			],
			"offset": {
				"x": -16,
				"y": 13
			}
		},
		{
			"graph": null,
			"rect": [
				265,
				1659,
				132,
				127
			],
			"offset": {
				"x": 0,
				"y": 0
			}
		},
		{
			"graph": null,
			"rect": [
				265,
				639,
				132,
				127
			],
			"offset": {
				"x": 0,
				"y": 0
			}
		},
		{
			"graph": null,
			"rect": [
				265,
				381,
				132,
				128
			],
			"offset": {
				"x": 0,
				"y": 0
			}
		},
		{
			"graph": null,
			"rect": [
				133,
				639,
				132,
				127
			],
			"offset": {
				"x": 0,
				"y": 0
			}
		},
		{
			"graph": null,
			"rect": [
				133,
				385,
				132,
				127
			],
			"offset": {
				"x": 0,
				"y": 0
			}
		},
		{
			"graph": null,
			"rect": [
				0,
				1397,
				133,
				127
			],
			"offset": {
				"x": 0,
				"y": 0
			}
		},
		{
			"graph": null,
			"rect": [
				596,
				0,
				99,
				85
			],
			"offset": {
				"x": -16,
				"y": 13
			}
		},
		{
			"graph": null,
			"rect": [
				595,
				1641,
				99,
				85
			],
			"offset": {
				"x": -16,
				"y": 13
			}
		},
		{
			"graph": null,
			"rect": [
				133,
				0,
				132,
				128
			],
			"offset": {
				"x": 0,
				"y": 0
			}
		},
		{
			"graph": null,
			"rect": [
				133,
				128,
				132,
				127
			],
			"offset": {
				"x": 0,
				"y": 0
			}
		},
		{
			"graph": null,
			"rect": [
				133,
				255,
				132,
				130
			],
			"offset": {
				"x": 0,
				"y": 0
			}
		},
		{
			"graph": null,
			"rect": [
				133,
				1659,
				132,
				127
			],
			"offset": {
				"x": 0,
				"y": 0
			}
		},
		{
			"graph": null,
			"rect": [
				265,
				254,
				132,
				127
			],
			"offset": {
				"x": 0,
				"y": 0
			}
		},
		{
			"graph": null,
			"rect": [
				0,
				254,
				133,
				127
			],
			"offset": {
				"x": 0,
				"y": 0
			}
		},
		{
			"graph": null,
			"rect": [
				595,
				1230,
				99,
				85
			],
			"offset": {
				"x": -16,
				"y": 13
			}
		},
		{
			"graph": null,
			"rect": [
				595,
				1145,
				99,
				85
			],
			"offset": {
				"x": -16,
				"y": 13
			}
		},
		{
			"graph": null,
			"rect": [
				265,
				1020,
				132,
				128
			],
			"offset": {
				"x": 0,
				"y": 0
			}
		},
		{
			"graph": null,
			"rect": [
				133,
				1402,
				132,
				127
			],
			"offset": {
				"x": 0,
				"y": 0
			}
		},
		{
			"graph": null,
			"rect": [
				133,
				1529,
				132,
				130
			],
			"offset": {
				"x": 0,
				"y": 0
			}
		},
		{
			"graph": null,
			"rect": [
				0,
				762,
				133,
				127
			],
			"offset": {
				"x": 0,
				"y": 0
			}
		},
		{
			"graph": null,
			"rect": [
				0,
				1016,
				133,
				127
			],
			"offset": {
				"x": 0,
				"y": 0
			}
		},
		{
			"graph": null,
			"rect": [
				397,
				434,
				100,
				85
			],
			"offset": {
				"x": -16,
				"y": 13
			}
		},
		{
			"graph": null,
			"rect": [
				497,
				945,
				99,
				85
			],
			"offset": {
				"x": -16,
				"y": 13
			}
		},
		{
			"graph": null,
			"rect": [
				265,
				509,
				132,
				130
			],
			"offset": {
				"x": 0,
				"y": 0
			}
		},
		{
			"graph": null,
			"rect": [
				265,
				1148,
				132,
				127
			],
			"offset": {
				"x": 0,
				"y": 0
			}
		},
		{
			"graph": null,
			"rect": [
				0,
				635,
				133,
				127
			],
			"offset": {
				"x": 0,
				"y": 0
			}
		},
		{
			"graph": null,
			"rect": [
				497,
				681,
				99,
				85
			],
			"offset": {
				"x": -16,
				"y": 13
			}
		},
		{
			"graph": null,
			"rect": [
				397,
				519,
				100,
				85
			],
			"offset": {
				"x": -16,
				"y": 13
			}
		},
		{
			"graph": null,
			"rect": [
				497,
				536,
				99,
				85
			],
			"offset": {
				"x": -16,
				"y": 13
			}
		},
		{
			"graph": null,
			"rect": [
				265,
				1402,
				132,
				130
			],
			"offset": {
				"x": 0,
				"y": 0
			}
		},
		{
			"graph": null,
			"rect": [
				397,
				664,
				100,
				85
			],
			"offset": {
				"x": -16,
				"y": 13
			}
		},
		{
			"graph": null,
			"rect": [
				497,
				329,
				99,
				85
			],
			"offset": {
				"x": -16,
				"y": 13
			}
		},
		{
			"graph": null,
			"rect": [
				397,
				894,
				100,
				85
			],
			"offset": {
				"x": -16,
				"y": 13
			}
		},
		{
			"graph": null,
			"rect": [
				596,
				448,
				99,
				85
			],
			"offset": {
				"x": -16,
				"y": 13
			}
		},
		{
			"graph": null,
			"rect": [
				397,
				289,
				100,
				85
			],
			"offset": {
				"x": -16,
				"y": 13
			}
		},
		{
			"graph": null,
			"rect": [
				497,
				60,
				99,
				85
			],
			"offset": {
				"x": -16,
				"y": 13
			}
		},
		{
			"graph": null,
			"rect": [
				397,
				809,
				100,
				85
			],
			"offset": {
				"x": -16,
				"y": 13
			}
		},
		{
			"graph": null,
			"rect": [
				397,
				979,
				100,
				85
			],
			"offset": {
				"x": -16,
				"y": 13
			}
		},
		{
			"graph": null,
			"rect": [
				496,
				1632,
				99,
				85
			],
			"offset": {
				"x": -16,
				"y": 13
			}
		},
		{
			"graph": null,
			"rect": [
				397,
				1064,
				100,
				85
			],
			"offset": {
				"x": -16,
				"y": 13
			}
		},
		{
			"graph": null,
			"rect": [
				496,
				1511,
				99,
				60
			],
			"offset": {
				"x": -16,
				"y": 11
			}
		},
		{
			"graph": null,
			"rect": [
				496,
				1451,
				99,
				60
			],
			"offset": {
				"x": -16,
				"y": 11
			}
		},
		{
			"graph": null,
			"rect": [
				496,
				1391,
				99,
				60
			],
			"offset": {
				"x": -16,
				"y": 11
			}
		},
		{
			"graph": null,
			"rect": [
				496,
				1331,
				99,
				60
			],
			"offset": {
				"x": -16,
				"y": 11
			}
		},
		{
			"graph": null,
			"rect": [
				497,
				1030,
				99,
				60
			],
			"offset": {
				"x": -16,
				"y": 11
			}
		},
		{
			"graph": null,
			"rect": [
				496,
				1209,
				99,
				60
			],
			"offset": {
				"x": -16,
				"y": 11
			}
		},
		{
			"graph": null,
			"rect": [
				496,
				1149,
				99,
				60
			],
			"offset": {
				"x": 0,
				"y": 0
			}
		},
		{
			"graph": null,
			"rect": [
				497,
				621,
				99,
				60
			],
			"offset": {
				"x": -16,
				"y": 11
			}
		},
		{
			"graph": null,
			"rect": [
				497,
				414,
				99,
				61
			],
			"offset": {
				"x": -16,
				"y": 11
			}
		},
		{
			"graph": null,
			"rect": [
				497,
				269,
				99,
				60
			],
			"offset": {
				"x": -16,
				"y": 11
			}
		},
		{
			"graph": null,
			"rect": [
				397,
				749,
				100,
				60
			],
			"offset": {
				"x": -16,
				"y": 11
			}
		},
		{
			"graph": null,
			"rect": [
				497,
				0,
				99,
				60
			],
			"offset": {
				"x": 0,
				"y": 0
			}
		},
		{
			"graph": null,
			"rect": [
				496,
				1717,
				99,
				60
			],
			"offset": {
				"x": -16,
				"y": 11
			}
		},
		{
			"graph": null,
			"rect": [
				496,
				1571,
				99,
				61
			],
			"offset": {
				"x": 0,
				"y": 0
			}
		},
		{
			"graph": null,
			"rect": [
				496,
				1269,
				99,
				62
			],
			"offset": {
				"x": -16,
				"y": 11
			}
		},
		{
			"graph": null,
			"rect": [
				397,
				374,
				100,
				60
			],
			"offset": {
				"x": 0,
				"y": 0
			}
		},
		{
			"graph": null,
			"rect": [
				397,
				1698,
				99,
				60
			],
			"offset": {
				"x": -16,
				"y": 11
			}
		},
		{
			"graph": null,
			"rect": [
				397,
				1209,
				99,
				61
			],
			"offset": {
				"x": -16,
				"y": 11
			}
		},
		{
			"graph": null,
			"rect": [
				397,
				1149,
				99,
				60
			],
			"offset": {
				"x": -16,
				"y": 11
			}
		},
		{
			"graph": null,
			"rect": [
				596,
				703,
				99,
				63
			],
			"offset": {
				"x": -16,
				"y": 11
			}
		},
		{
			"graph": null,
			"rect": [
				397,
				1455,
				99,
				62
			],
			"offset": {
				"x": -16,
				"y": 11
			}
		},
		{
			"graph": null,
			"rect": [
				233,
				1786,
				13,
				24
			],
			"offset": {
				"x": 0,
				"y": 0
			}
		},
		{
			"graph": null,
			"rect": [
				397,
				227,
				100,
				62
			],
			"offset": {
				"x": -16,
				"y": 11
			}
		},
		{
			"graph": null,
			"rect": [
				397,
				604,
				100,
				60
			],
			"offset": {
				"x": -16,
				"y": 11
			}
		},
		{
			"graph": null,
			"rect": [
				397,
				1517,
				99,
				60
			],
			"offset": {
				"x": -16,
				"y": 11
			}
		},
		{
			"graph": null,
			"rect": [
				397,
				1270,
				99,
				61
			],
			"offset": {
				"x": -16,
				"y": 11
			}
		},
		{
			"graph": null,
			"rect": [
				397,
				1637,
				99,
				61
			],
			"offset": {
				"x": -16,
				"y": 11
			}
		},
		{
			"graph": null,
			"rect": [
				497,
				206,
				99,
				63
			],
			"offset": {
				"x": -16,
				"y": 11
			}
		},
		{
			"graph": null,
			"rect": [
				0,
				127,
				133,
				127
			],
			"offset": {
				"x": 0,
				"y": 0
			}
		},
		{
			"graph": null,
			"rect": [
				397,
				172,
				100,
				55
			],
			"offset": {
				"x": -16,
				"y": 11
			}
		},
		{
			"graph": null,
			"rect": [
				397,
				110,
				100,
				62
			],
			"offset": {
				"x": -16,
				"y": 11
			}
		},
		{
			"graph": null,
			"rect": [
				497,
				145,
				99,
				61
			],
			"offset": {
				"x": -16,
				"y": 11
			}
		},
		{
			"graph": null,
			"rect": [
				397,
				1577,
				99,
				60
			],
			"offset": {
				"x": -16,
				"y": 11
			}
		},
		{
			"graph": null,
			"rect": [
				397,
				1331,
				99,
				63
			],
			"offset": {
				"x": -16,
				"y": 11
			}
		},
		{
			"graph": null,
			"rect": [
				397,
				1394,
				99,
				61
			],
			"offset": {
				"x": -16,
				"y": 11
			}
		},
		{
			"graph": null,
			"rect": [
				0,
				1778,
				133,
				127
			],
			"offset": {
				"x": 0,
				"y": 0
			}
		},
		{
			"graph": null,
			"rect": [
				265,
				1532,
				132,
				127
			],
			"offset": {
				"x": 0,
				"y": 0
			}
		},
		{
			"graph": null,
			"rect": [
				133,
				1786,
				100,
				55
			],
			"offset": {
				"x": -16,
				"y": 11
			}
		},
		{
			"graph": null,
			"rect": [
				133,
				1841,
				100,
				55
			],
			"offset": {
				"x": -16,
				"y": 11
			}
		},
		{
			"graph": null,
			"rect": [
				497,
				475,
				99,
				61
			],
			"offset": {
				"x": -16,
				"y": 11
			}
		},
		{
			"graph": null,
			"rect": [
				497,
				766,
				99,
				61
			],
			"offset": {
				"x": -16,
				"y": 11
			}
		},
		{
			"graph": null,
			"rect": [
				497,
				827,
				99,
				63
			],
			"offset": {
				"x": -16,
				"y": 11
			}
		},
		{
			"graph": null,
			"rect": [
				0,
				381,
				133,
				127
			],
			"offset": {
				"x": 0,
				"y": 0
			}
		},
		{
			"graph": null,
			"rect": [
				0,
				508,
				133,
				127
			],
			"offset": {
				"x": 0,
				"y": 0
			}
		},
		{
			"graph": null,
			"rect": [
				265,
				766,
				132,
				127
			],
			"offset": {
				"x": 0,
				"y": 0
			}
		},
		{
			"graph": null,
			"rect": [
				397,
				0,
				100,
				55
			],
			"offset": {
				"x": -16,
				"y": 11
			}
		},
		{
			"graph": null,
			"rect": [
				497,
				890,
				99,
				55
			],
			"offset": {
				"x": -16,
				"y": 11
			}
		},
		{
			"graph": null,
			"rect": [
				528,
				1777,
				99,
				63
			],
			"offset": {
				"x": -16,
				"y": 11
			}
		},
		{
			"graph": null,
			"rect": [
				528,
				1840,
				99,
				61
			],
			"offset": {
				"x": -16,
				"y": 11
			}
		},
		{
			"graph": null,
			"rect": [
				0,
				889,
				133,
				127
			],
			"offset": {
				"x": 0,
				"y": 0
			}
		},
		{
			"graph": null,
			"rect": [
				0,
				1651,
				133,
				127
			],
			"offset": {
				"x": 0,
				"y": 0
			}
		},
		{
			"graph": null,
			"rect": [
				264,
				1913,
				132,
				127
			],
			"offset": {
				"x": 0,
				"y": 0
			}
		},
		{
			"graph": null,
			"rect": [
				264,
				1786,
				132,
				127
			],
			"offset": {
				"x": 0,
				"y": 0
			}
		},
		{
			"graph": null,
			"rect": [
				397,
				55,
				100,
				55
			],
			"offset": {
				"x": -16,
				"y": 11
			}
		},
		{
			"graph": null,
			"rect": [
				497,
				1090,
				99,
				55
			],
			"offset": {
				"x": -16,
				"y": 11
			}
		},
		{
			"graph": null,
			"rect": [
				528,
				1901,
				99,
				63
			],
			"offset": {
				"x": -16,
				"y": 11
			}
		},
		{
			"graph": null,
			"rect": [
				265,
				1275,
				132,
				127
			],
			"offset": {
				"x": 0,
				"y": 0
			}
		},
		{
			"graph": null,
			"rect": [
				0,
				0,
				133,
				127
			],
			"offset": {
				"x": 0,
				"y": 0
			}
		},
		{
			"graph": null,
			"rect": [
				0,
				1524,
				133,
				127
			],
			"offset": {
				"x": 0,
				"y": 0
			}
		},
		{
			"graph": null,
			"rect": [
				133,
				893,
				132,
				127
			],
			"offset": {
				"x": 0,
				"y": 0
			}
		},
		{
			"graph": null,
			"rect": [
				133,
				766,
				132,
				127
			],
			"offset": {
				"x": 0,
				"y": 0
			}
		},
		{
			"graph": null,
			"rect": [
				528,
				1964,
				99,
				54
			],
			"offset": {
				"x": -16,
				"y": 11
			}
		},
		{
			"graph": null,
			"rect": [
				595,
				1315,
				99,
				54
			],
			"offset": {
				"x": -16,
				"y": 11
			}
		},
		{
			"graph": null,
			"rect": [
				595,
				1369,
				99,
				56
			],
			"offset": {
				"x": -16,
				"y": 11
			}
		},
		{
			"graph": null,
			"rect": [
				595,
				1425,
				99,
				54
			],
			"offset": {
				"x": -16,
				"y": 11
			}
		},
		{
			"graph": null,
			"rect": [
				0,
				1143,
				133,
				127
			],
			"offset": {
				"x": 0,
				"y": 0
			}
		},
		{
			"graph": null,
			"rect": [
				133,
				1020,
				132,
				127
			],
			"offset": {
				"x": 0,
				"y": 0
			}
		},
		{
			"graph": null,
			"rect": [
				132,
				1905,
				132,
				127
			],
			"offset": {
				"x": 0,
				"y": 0
			}
		},
		{
			"graph": null,
			"rect": [
				133,
				512,
				132,
				127
			],
			"offset": {
				"x": 0,
				"y": 0
			}
		},
		{
			"graph": null,
			"rect": [
				595,
				1479,
				99,
				54
			],
			"offset": {
				"x": -16,
				"y": 11
			}
		},
		{
			"graph": null,
			"rect": [
				595,
				1533,
				99,
				54
			],
			"offset": {
				"x": -16,
				"y": 11
			}
		},
		{
			"graph": null,
			"rect": [
				595,
				1587,
				99,
				54
			],
			"offset": {
				"x": -16,
				"y": 11
			}
		}
	],
	"image": "assets/kenney/buildingTiles_sheet.png",
	"name": "buildingTiles_sheet.png"
}