{
	"groups": [
		{
			"v": [
				54,
				31,
				30,
				38,
				23,
				124,
				120,
				121,
				116
			],
			"k": "4"
		},
		{
			"v": [
				82,
				74,
				126,
				125,
				127,
				123,
				113,
				107,
				115,
				109,
				110,
				103
			],
			"k": "1"
		},
		{
			"v": [
				67,
				22,
				21,
				83,
				98,
				10,
				36,
				16,
				15,
				99,
				75,
				106,
				91,
				28,
				29,
				73,
				59,
				14,
				20
			],
			"k": "q"
		},
		{
			"v": [
				41,
				49,
				48,
				59,
				27,
				34,
				68,
				42,
				60,
				61,
				53
			],
			"k": "b"
		},
		{
			"v": [
				90,
				105,
				104,
				97,
				96,
				89,
				111,
				117,
				112
			],
			"k": "2"
		},
		{
			"v": [
				118,
				87,
				114,
				81,
				80,
				88,
				102,
				101,
				122,
				119,
				95,
				94,
				108
			],
			"k": "3"
		},
		{
			"v": [
				19,
				41,
				70,
				92,
				47,
				69,
				68,
				42,
				79,
				9,
				66,
				45,
				44,
				43,
				65,
				48,
				26,
				49,
				14,
				20,
				56,
				78,
				93,
				63,
				8,
				60,
				61,
				62,
				40,
				39,
				11,
				37,
				17,
				12,
				58,
				4,
				0,
				64,
				71,
				72,
				2,
				1,
				5,
				76,
				3,
				33,
				27,
				6,
				7,
				100,
				50,
				51,
				52,
				53,
				84,
				32,
				55,
				77,
				85,
				35,
				13,
				34,
				57
			],
			"k": "w"
		}
	],
	"atlas": [
		{
			"graph": null,
			"rect": [
				265,
				1057,
				132,
				83
			],
			"offset": {
				"x": 0,
				"y": 0
			}
		},
		{
			"graph": null,
			"rect": [
				265,
				1452,
				132,
				99
			],
			"offset": {
				"x": 0,
				"y": 0
			}
		},
		{
			"graph": null,
			"rect": [
				265,
				1369,
				132,
				83
			],
			"offset": {
				"x": 0,
				"y": 0
			}
		},
		{
			"graph": null,
			"rect": [
				265,
				1682,
				132,
				83
			],
			"offset": {
				"x": 0,
				"y": 0
			}
		},
		{
			"graph": null,
			"rect": [
				529,
				1191,
				132,
				99
			],
			"offset": {
				"x": 0,
				"y": 0
			}
		},
		{
			"graph": null,
			"rect": [
				265,
				1551,
				132,
				131
			],
			"offset": {
				"x": 0,
				"y": 0
			}
		},
		{
			"graph": null,
			"rect": [
				265,
				1947,
				132,
				99
			],
			"offset": {
				"x": 0,
				"y": 0
			}
		},
		{
			"graph": null,
			"rect": [
				265,
				1864,
				132,
				83
			],
			"offset": {
				"x": 0,
				"y": 0
			}
		},
		{
			"graph": null,
			"rect": [
				266,
				921,
				132,
				131
			],
			"offset": {
				"x": 0,
				"y": 0
			}
		},
		{
			"graph": null,
			"rect": [
				0,
				281,
				133,
				99
			],
			"offset": {
				"x": 0,
				"y": 0
			}
		},
		{
			"graph": null,
			"rect": [
				397,
				1183,
				132,
				83
			],
			"offset": {
				"x": 0,
				"y": 0
			}
		},
		{
			"graph": null,
			"rect": [
				662,
				693,
				132,
				99
			],
			"offset": {
				"x": 0,
				"y": 0
			}
		},
		{
			"graph": null,
			"rect": [
				397,
				1052,
				132,
				131
			],
			"offset": {
				"x": 0,
				"y": 0
			}
		},
		{
			"graph": null,
			"rect": [
				793,
				1303,
				132,
				99
			],
			"offset": {
				"x": 0,
				"y": 0
			}
		},
		{
			"graph": null,
			"rect": [
				133,
				380,
				133,
				83
			],
			"offset": {
				"x": 0,
				"y": 0
			}
		},
		{
			"graph": null,
			"rect": [
				793,
				1204,
				132,
				99
			],
			"offset": {
				"x": 0,
				"y": 0
			}
		},
		{
			"graph": null,
			"rect": [
				793,
				1121,
				132,
				83
			],
			"offset": {
				"x": 0,
				"y": 0
			}
		},
		{
			"graph": null,
			"rect": [
				793,
				990,
				132,
				131
			],
			"offset": {
				"x": 0,
				"y": 0
			}
		},
		{
			"graph": null,
			"rect": [
				793,
				891,
				132,
				99
			],
			"offset": {
				"x": 0,
				"y": 0
			}
		},
		{
			"graph": null,
			"rect": [
				0,
				0,
				133,
				99
			],
			"offset": {
				"x": 0,
				"y": 0
			}
		},
		{
			"graph": null,
			"rect": [
				0,
				99,
				133,
				83
			],
			"offset": {
				"x": 0,
				"y": 0
			}
		},
		{
			"graph": null,
			"rect": [
				662,
				594,
				132,
				99
			],
			"offset": {
				"x": 0,
				"y": 0
			}
		},
		{
			"graph": null,
			"rect": [
				662,
				495,
				132,
				99
			],
			"offset": {
				"x": 0,
				"y": 0
			}
		},
		{
			"graph": null,
			"rect": [
				662,
				396,
				132,
				99
			],
			"offset": {
				"x": 0,
				"y": 0
			}
		},
		{
			"graph": null,
			"rect": [
				662,
				297,
				132,
				99
			],
			"offset": {
				"x": 0,
				"y": 0
			}
		},
		{
			"graph": null,
			"rect": [
				662,
				198,
				132,
				99
			],
			"offset": {
				"x": 0,
				"y": 0
			}
		},
		{
			"graph": null,
			"rect": [
				0,
				380,
				133,
				99
			],
			"offset": {
				"x": 0,
				"y": 0
			}
		},
		{
			"graph": null,
			"rect": [
				0,
				1948,
				133,
				99
			],
			"offset": {
				"x": 0,
				"y": 0
			}
		},
		{
			"graph": null,
			"rect": [
				661,
				1946,
				132,
				99
			],
			"offset": {
				"x": 0,
				"y": 0
			}
		},
		{
			"graph": null,
			"rect": [
				661,
				1847,
				132,
				99
			],
			"offset": {
				"x": 0,
				"y": 0
			}
		},
		{
			"graph": null,
			"rect": [
				661,
				1748,
				132,
				99
			],
			"offset": {
				"x": 0,
				"y": 0
			}
		},
		{
			"graph": null,
			"rect": [
				661,
				1649,
				132,
				99
			],
			"offset": {
				"x": 0,
				"y": 0
			}
		},
		{
			"graph": null,
			"rect": [
				661,
				1550,
				132,
				99
			],
			"offset": {
				"x": 0,
				"y": 0
			}
		},
		{
			"graph": null,
			"rect": [
				0,
				1849,
				133,
				99
			],
			"offset": {
				"x": 0,
				"y": 0
			}
		},
		{
			"graph": null,
			"rect": [
				0,
				1552,
				133,
				99
			],
			"offset": {
				"x": 0,
				"y": 0
			}
		},
		{
			"graph": null,
			"rect": [
				661,
				1269,
				132,
				83
			],
			"offset": {
				"x": 0,
				"y": 0
			}
		},
		{
			"graph": null,
			"rect": [
				661,
				1138,
				132,
				131
			],
			"offset": {
				"x": 0,
				"y": 0
			}
		},
		{
			"graph": null,
			"rect": [
				661,
				1055,
				132,
				83
			],
			"offset": {
				"x": 0,
				"y": 0
			}
		},
		{
			"graph": null,
			"rect": [
				661,
				956,
				132,
				99
			],
			"offset": {
				"x": 0,
				"y": 0
			}
		},
		{
			"graph": null,
			"rect": [
				530,
				857,
				132,
				99
			],
			"offset": {
				"x": 0,
				"y": 0
			}
		},
		{
			"graph": null,
			"rect": [
				530,
				758,
				132,
				99
			],
			"offset": {
				"x": 0,
				"y": 0
			}
		},
		{
			"graph": null,
			"rect": [
				133,
				0,
				133,
				99
			],
			"offset": {
				"x": 0,
				"y": 0
			}
		},
		{
			"graph": null,
			"rect": [
				133,
				198,
				133,
				83
			],
			"offset": {
				"x": 0,
				"y": 0
			}
		},
		{
			"graph": null,
			"rect": [
				530,
				461,
				132,
				99
			],
			"offset": {
				"x": 0,
				"y": 0
			}
		},
		{
			"graph": null,
			"rect": [
				530,
				378,
				132,
				83
			],
			"offset": {
				"x": 0,
				"y": 0
			}
		},
		{
			"graph": null,
			"rect": [
				530,
				295,
				132,
				83
			],
			"offset": {
				"x": 0,
				"y": 0
			}
		},
		{
			"graph": null,
			"rect": [
				530,
				198,
				132,
				97
			],
			"offset": {
				"x": 0,
				"y": 0
			}
		},
		{
			"graph": null,
			"rect": [
				530,
				99,
				132,
				99
			],
			"offset": {
				"x": 0,
				"y": 0
			}
		},
		{
			"graph": null,
			"rect": [
				0,
				479,
				133,
				99
			],
			"offset": {
				"x": 0,
				"y": 0
			}
		},
		{
			"graph": null,
			"rect": [
				0,
				578,
				133,
				99
			],
			"offset": {
				"x": 0,
				"y": 0
			}
		},
		{
			"graph": null,
			"rect": [
				529,
				1834,
				132,
				99
			],
			"offset": {
				"x": 0,
				"y": 0
			}
		},
		{
			"graph": null,
			"rect": [
				529,
				1751,
				132,
				83
			],
			"offset": {
				"x": 0,
				"y": 0
			}
		},
		{
			"graph": null,
			"rect": [
				529,
				1668,
				132,
				83
			],
			"offset": {
				"x": 0,
				"y": 0
			}
		},
		{
			"graph": null,
			"rect": [
				529,
				1585,
				132,
				83
			],
			"offset": {
				"x": 0,
				"y": 0
			}
		},
		{
			"graph": null,
			"rect": [
				529,
				1488,
				132,
				97
			],
			"offset": {
				"x": 0,
				"y": 0
			}
		},
		{
			"graph": null,
			"rect": [
				529,
				1389,
				132,
				99
			],
			"offset": {
				"x": 0,
				"y": 0
			}
		},
		{
			"graph": null,
			"rect": [
				0,
				677,
				133,
				83
			],
			"offset": {
				"x": 0,
				"y": 0
			}
		},
		{
			"graph": null,
			"rect": [
				0,
				760,
				133,
				99
			],
			"offset": {
				"x": 0,
				"y": 0
			}
		},
		{
			"graph": null,
			"rect": [
				529,
				1108,
				132,
				83
			],
			"offset": {
				"x": 0,
				"y": 0
			}
		},
		{
			"graph": null,
			"rect": [
				529,
				1009,
				132,
				99
			],
			"offset": {
				"x": 0,
				"y": 0
			}
		},
		{
			"graph": null,
			"rect": [
				398,
				926,
				132,
				83
			],
			"offset": {
				"x": 0,
				"y": 0
			}
		},
		{
			"graph": null,
			"rect": [
				398,
				843,
				132,
				83
			],
			"offset": {
				"x": 0,
				"y": 0
			}
		},
		{
			"graph": null,
			"rect": [
				398,
				744,
				132,
				99
			],
			"offset": {
				"x": 0,
				"y": 0
			}
		},
		{
			"graph": null,
			"rect": [
				0,
				958,
				133,
				99
			],
			"offset": {
				"x": 0,
				"y": 0
			}
		},
		{
			"graph": null,
			"rect": [
				0,
				1057,
				133,
				99
			],
			"offset": {
				"x": 0,
				"y": 0
			}
		},
		{
			"graph": null,
			"rect": [
				398,
				447,
				132,
				99
			],
			"offset": {
				"x": 0,
				"y": 0
			}
		},
		{
			"graph": null,
			"rect": [
				398,
				364,
				132,
				83
			],
			"offset": {
				"x": 0,
				"y": 0
			}
		},
		{
			"graph": null,
			"rect": [
				398,
				265,
				132,
				99
			],
			"offset": {
				"x": 0,
				"y": 0
			}
		},
		{
			"graph": null,
			"rect": [
				398,
				166,
				132,
				99
			],
			"offset": {
				"x": 0,
				"y": 0
			}
		},
		{
			"graph": null,
			"rect": [
				398,
				83,
				132,
				83
			],
			"offset": {
				"x": 0,
				"y": 0
			}
		},
		{
			"graph": null,
			"rect": [
				398,
				0,
				132,
				83
			],
			"offset": {
				"x": 0,
				"y": 0
			}
		},
		{
			"graph": null,
			"rect": [
				0,
				1156,
				133,
				99
			],
			"offset": {
				"x": 0,
				"y": 0
			}
		},
		{
			"graph": null,
			"rect": [
				0,
				1255,
				133,
				99
			],
			"offset": {
				"x": 0,
				"y": 0
			}
		},
		{
			"graph": null,
			"rect": [
				397,
				1745,
				132,
				83
			],
			"offset": {
				"x": 0,
				"y": 0
			}
		},
		{
			"graph": null,
			"rect": [
				397,
				1646,
				132,
				99
			],
			"offset": {
				"x": 0,
				"y": 0
			}
		},
		{
			"graph": null,
			"rect": [
				397,
				1547,
				132,
				99
			],
			"offset": {
				"x": 0,
				"y": 0
			}
		},
		{
			"graph": null,
			"rect": [
				397,
				1464,
				132,
				83
			],
			"offset": {
				"x": 0,
				"y": 0
			}
		},
		{
			"graph": null,
			"rect": [
				793,
				1402,
				132,
				83
			],
			"offset": {
				"x": 0,
				"y": 0
			}
		},
		{
			"graph": null,
			"rect": [
				133,
				760,
				133,
				99
			],
			"offset": {
				"x": 0,
				"y": 0
			}
		},
		{
			"graph": null,
			"rect": [
				0,
				182,
				133,
				99
			],
			"offset": {
				"x": 0,
				"y": 0
			}
		},
		{
			"graph": null,
			"rect": [
				662,
				792,
				132,
				99
			],
			"offset": {
				"x": 0,
				"y": 0
			}
		},
		{
			"graph": null,
			"rect": [
				662,
				0,
				132,
				99
			],
			"offset": {
				"x": 0,
				"y": 0
			}
		},
		{
			"graph": null,
			"rect": [
				662,
				99,
				132,
				99
			],
			"offset": {
				"x": 0,
				"y": 0
			}
		},
		{
			"graph": null,
			"rect": [
				266,
				723,
				132,
				99
			],
			"offset": {
				"x": 0,
				"y": 0
			}
		},
		{
			"graph": null,
			"rect": [
				661,
				1451,
				132,
				99
			],
			"offset": {
				"x": 0,
				"y": 0
			}
		},
		{
			"graph": null,
			"rect": [
				661,
				1352,
				132,
				99
			],
			"offset": {
				"x": 0,
				"y": 0
			}
		},
		{
			"graph": null,
			"rect": [
				0,
				1651,
				133,
				99
			],
			"offset": {
				"x": 0,
				"y": 0
			}
		},
		{
			"graph": null,
			"rect": [
				133,
				281,
				133,
				99
			],
			"offset": {
				"x": 0,
				"y": 0
			}
		},
		{
			"graph": null,
			"rect": [
				530,
				659,
				132,
				99
			],
			"offset": {
				"x": 0,
				"y": 0
			}
		},
		{
			"graph": null,
			"rect": [
				530,
				560,
				132,
				99
			],
			"offset": {
				"x": 0,
				"y": 0
			}
		},
		{
			"graph": null,
			"rect": [
				266,
				0,
				132,
				99
			],
			"offset": {
				"x": 0,
				"y": 0
			}
		},
		{
			"graph": null,
			"rect": [
				529,
				1933,
				132,
				99
			],
			"offset": {
				"x": 0,
				"y": 0
			}
		},
		{
			"graph": null,
			"rect": [
				530,
				0,
				132,
				99
			],
			"offset": {
				"x": 0,
				"y": 0
			}
		},
		{
			"graph": null,
			"rect": [
				133,
				958,
				133,
				99
			],
			"offset": {
				"x": 0,
				"y": 0
			}
		},
		{
			"graph": null,
			"rect": [
				0,
				859,
				133,
				99
			],
			"offset": {
				"x": 0,
				"y": 0
			}
		},
		{
			"graph": null,
			"rect": [
				529,
				1290,
				132,
				99
			],
			"offset": {
				"x": 0,
				"y": 0
			}
		},
		{
			"graph": null,
			"rect": [
				398,
				546,
				132,
				99
			],
			"offset": {
				"x": 0,
				"y": 0
			}
		},
		{
			"graph": null,
			"rect": [
				398,
				645,
				132,
				99
			],
			"offset": {
				"x": 0,
				"y": 0
			}
		},
		{
			"graph": null,
			"rect": [
				265,
				1238,
				132,
				131
			],
			"offset": {
				"x": 0,
				"y": 0
			}
		},
		{
			"graph": null,
			"rect": [
				397,
				1828,
				132,
				99
			],
			"offset": {
				"x": 0,
				"y": 0
			}
		},
		{
			"graph": null,
			"rect": [
				397,
				1927,
				132,
				99
			],
			"offset": {
				"x": 0,
				"y": 0
			}
		},
		{
			"graph": null,
			"rect": [
				0,
				1453,
				133,
				99
			],
			"offset": {
				"x": 0,
				"y": 0
			}
		},
		{
			"graph": null,
			"rect": [
				0,
				1354,
				133,
				99
			],
			"offset": {
				"x": 0,
				"y": 0
			}
		},
		{
			"graph": null,
			"rect": [
				266,
				822,
				132,
				99
			],
			"offset": {
				"x": 0,
				"y": 0
			}
		},
		{
			"graph": null,
			"rect": [
				266,
				624,
				132,
				99
			],
			"offset": {
				"x": 0,
				"y": 0
			}
		},
		{
			"graph": null,
			"rect": [
				266,
				525,
				132,
				99
			],
			"offset": {
				"x": 0,
				"y": 0
			}
		},
		{
			"graph": null,
			"rect": [
				133,
				1844,
				132,
				131
			],
			"offset": {
				"x": 0,
				"y": 0
			}
		},
		{
			"graph": null,
			"rect": [
				133,
				859,
				133,
				99
			],
			"offset": {
				"x": 0,
				"y": 0
			}
		},
		{
			"graph": null,
			"rect": [
				133,
				661,
				133,
				99
			],
			"offset": {
				"x": 0,
				"y": 0
			}
		},
		{
			"graph": null,
			"rect": [
				133,
				1057,
				132,
				131
			],
			"offset": {
				"x": 0,
				"y": 0
			}
		},
		{
			"graph": null,
			"rect": [
				133,
				1188,
				132,
				99
			],
			"offset": {
				"x": 0,
				"y": 0
			}
		},
		{
			"graph": null,
			"rect": [
				133,
				1515,
				132,
				99
			],
			"offset": {
				"x": 0,
				"y": 0
			}
		},
		{
			"graph": null,
			"rect": [
				133,
				1287,
				132,
				99
			],
			"offset": {
				"x": 0,
				"y": 0
			}
		},
		{
			"graph": null,
			"rect": [
				133,
				562,
				133,
				99
			],
			"offset": {
				"x": 0,
				"y": 0
			}
		},
		{
			"graph": null,
			"rect": [
				133,
				463,
				133,
				99
			],
			"offset": {
				"x": 0,
				"y": 0
			}
		},
		{
			"graph": null,
			"rect": [
				133,
				1713,
				132,
				131
			],
			"offset": {
				"x": 0,
				"y": 0
			}
		},
		{
			"graph": null,
			"rect": [
				266,
				99,
				132,
				99
			],
			"offset": {
				"x": 0,
				"y": 0
			}
		},
		{
			"graph": null,
			"rect": [
				133,
				1614,
				132,
				99
			],
			"offset": {
				"x": 0,
				"y": 0
			}
		},
		{
			"graph": null,
			"rect": [
				133,
				99,
				133,
				99
			],
			"offset": {
				"x": 0,
				"y": 0
			}
		},
		{
			"graph": null,
			"rect": [
				265,
				1765,
				132,
				99
			],
			"offset": {
				"x": 0,
				"y": 0
			}
		},
		{
			"graph": null,
			"rect": [
				266,
				297,
				132,
				129
			],
			"offset": {
				"x": 0,
				"y": 0
			}
		},
		{
			"graph": null,
			"rect": [
				266,
				426,
				132,
				99
			],
			"offset": {
				"x": 0,
				"y": 0
			}
		},
		{
			"graph": null,
			"rect": [
				0,
				1750,
				133,
				99
			],
			"offset": {
				"x": 0,
				"y": 0
			}
		},
		{
			"graph": null,
			"rect": [
				266,
				198,
				132,
				99
			],
			"offset": {
				"x": 0,
				"y": 0
			}
		},
		{
			"graph": null,
			"rect": [
				133,
				1386,
				132,
				129
			],
			"offset": {
				"x": 0,
				"y": 0
			}
		},
		{
			"graph": null,
			"rect": [
				397,
				1266,
				132,
				99
			],
			"offset": {
				"x": 0,
				"y": 0
			}
		},
		{
			"graph": null,
			"rect": [
				397,
				1365,
				132,
				99
			],
			"offset": {
				"x": 0,
				"y": 0
			}
		},
		{
			"graph": null,
			"rect": [
				265,
				1140,
				132,
				98
			],
			"offset": {
				"x": 0,
				"y": 0
			}
		}
	],
	"image": "assets/kenney/landscapeTiles_sheet.png",
	"name": "landscapeTiles_sheet.png"
}